iter	Logloss	Accuracy
0	0.6751146669	0.8112359551
1	0.6622001873	0.808988764
2	0.6470130318	0.8157303371
3	0.6347346267	0.806741573
4	0.6223822796	0.804494382
5	0.6112105707	0.804494382
6	0.5983474193	0.808988764
7	0.5879251017	0.806741573
8	0.578001739	0.806741573
9	0.5702043355	0.802247191
10	0.5623576713	0.802247191
11	0.5544385534	0.804494382
12	0.5452001067	0.804494382
13	0.5369709023	0.806741573
14	0.5300622835	0.806741573
15	0.523823806	0.806741573
16	0.5177307284	0.806741573
17	0.5131698315	0.806741573
18	0.5056807662	0.804494382
19	0.5015749465	0.806741573
20	0.4974153133	0.804494382
21	0.4913906952	0.806741573
22	0.4861845503	0.806741573
23	0.4836564217	0.806741573
24	0.4794722574	0.808988764
25	0.4758657329	0.806741573
26	0.4724015776	0.804494382
27	0.4677512183	0.806741573
28	0.4646689237	0.806741573
29	0.4616788105	0.804494382
30	0.4590663949	0.804494382
31	0.4565887083	0.806741573
32	0.4537952419	0.806741573
33	0.451325722	0.808988764
34	0.4501054211	0.808988764
35	0.4474920473	0.808988764
36	0.4469055214	0.8112359551
37	0.4455793504	0.8134831461
38	0.4423871532	0.8157303371
39	0.4405171438	0.8157303371
40	0.4377635593	0.8224719101
41	0.4333121374	0.8224719101
42	0.4328392762	0.8224719101
43	0.4312844635	0.8269662921
44	0.4286224831	0.8269662921
45	0.4260987316	0.8292134831
46	0.4240266403	0.8292134831
47	0.4225315677	0.8292134831
48	0.4214000489	0.8359550562
49	0.419951568	0.8382022472
50	0.4177721374	0.8382022472
51	0.4145908022	0.8404494382
52	0.4136234912	0.8426966292
53	0.4119114246	0.8516853933
54	0.4098226872	0.8539325843
55	0.4077602053	0.8539325843
56	0.4068847079	0.8539325843
57	0.405718725	0.8539325843
58	0.4049207644	0.8561797753
59	0.4029012079	0.8539325843
60	0.4004164043	0.8494382022
61	0.3989164033	0.8539325843
62	0.3979518085	0.8539325843
63	0.3969361073	0.8561797753
64	0.3956347798	0.8539325843
65	0.3937193379	0.8561797753
66	0.3936753514	0.8561797753
67	0.3927284488	0.8561797753
68	0.3918360857	0.8539325843
69	0.3907677972	0.8539325843
70	0.389773254	0.8561797753
71	0.3889273645	0.8561797753
72	0.3876173021	0.8606741573
73	0.3868368481	0.8606741573
74	0.386559725	0.8584269663
75	0.3854556179	0.8606741573
76	0.3850269068	0.8629213483
77	0.3841015635	0.8629213483
78	0.3823961394	0.8629213483
79	0.3815209187	0.8629213483
80	0.3806779377	0.8629213483
81	0.3802173574	0.8629213483
82	0.3799066007	0.8629213483
83	0.3794414825	0.8629213483
84	0.3789023356	0.8651685393
85	0.3783370902	0.8651685393
86	0.3769398573	0.8696629213
87	0.3747790778	0.8696629213
88	0.3742337394	0.8696629213
89	0.3724496018	0.8719101124
90	0.3720392155	0.8719101124
91	0.3713449899	0.8719101124
92	0.3711188457	0.8741573034
93	0.3711105381	0.8741573034
94	0.3702356691	0.8719101124
95	0.3691346693	0.8696629213
96	0.368305719	0.8719101124
97	0.3665273253	0.8741573034
98	0.3659156184	0.8741573034
99	0.3655241184	0.8741573034
100	0.3647659624	0.8786516854
101	0.3644493198	0.8764044944
102	0.3639086101	0.8786516854
103	0.3630330362	0.8764044944
104	0.3619468784	0.8786516854
105	0.361248726	0.8786516854
106	0.3605487678	0.8786516854
107	0.3596548897	0.8808988764
108	0.3576451731	0.8831460674
109	0.3569563147	0.8831460674
110	0.356772137	0.8831460674
111	0.3562231253	0.8831460674
112	0.3557565356	0.8808988764
113	0.3552291257	0.8831460674
114	0.3547290802	0.8853932584
115	0.3541838043	0.8831460674
116	0.3541640806	0.8853932584
117	0.3521820272	0.8831460674
118	0.351813533	0.8853932584
119	0.351714297	0.8853932584
120	0.3499823041	0.8876404494
121	0.3499019022	0.8898876404
122	0.3495488383	0.8853932584
123	0.3485559868	0.8921348315
124	0.3474812786	0.8898876404
125	0.3471028808	0.8921348315
126	0.3465322369	0.8898876404
127	0.3451071815	0.8921348315
128	0.3448161594	0.8921348315
129	0.3440764963	0.8943820225
130	0.3440487212	0.8943820225
131	0.3433199242	0.8966292135
132	0.3427710843	0.8966292135
133	0.341615542	0.8943820225
134	0.340844047	0.8943820225
135	0.3405009853	0.8966292135
136	0.3397590771	0.8966292135
137	0.3397555542	0.8966292135
138	0.3391286354	0.8966292135
139	0.3382557016	0.8966292135
140	0.337851544	0.8966292135
141	0.3378258801	0.8966292135
142	0.3368075063	0.8943820225
143	0.3361158104	0.8943820225
144	0.3352502609	0.8943820225
145	0.3350530456	0.8943820225
146	0.3343438229	0.8943820225
147	0.3337769572	0.8943820225
148	0.3335404544	0.8943820225
149	0.3329201275	0.8943820225
150	0.3321287565	0.8966292135
151	0.3318416937	0.8988764045
152	0.330434395	0.8966292135
153	0.3298147047	0.8966292135
154	0.3292173085	0.8966292135
155	0.3283645406	0.8966292135
156	0.3283341061	0.8966292135
157	0.328012009	0.8988764045
158	0.3267684465	0.9011235955
159	0.3261412831	0.8988764045
160	0.3247662644	0.9011235955
161	0.3246118405	0.9011235955
162	0.3245002276	0.9011235955
163	0.3242225656	0.9011235955
164	0.3241122651	0.9011235955
165	0.3230338591	0.9011235955
166	0.3228328473	0.9011235955
167	0.3219842879	0.9011235955
168	0.32146004	0.9011235955
169	0.3211177076	0.9011235955
170	0.3199299247	0.9033707865
171	0.3196768603	0.9033707865
172	0.3187550482	0.9033707865
173	0.318644403	0.9033707865
174	0.3184561601	0.9033707865
175	0.3171399764	0.9011235955
176	0.3168397582	0.9011235955
177	0.3159157752	0.9011235955
178	0.3156221578	0.9011235955
179	0.3150281901	0.9011235955
180	0.3146360457	0.9011235955
181	0.3143647593	0.9011235955
182	0.3142409597	0.9011235955
183	0.3138534433	0.9011235955
184	0.3130704073	0.9056179775
185	0.3130391848	0.9056179775
186	0.3129286442	0.9033707865
187	0.3127966993	0.9033707865
188	0.3119424656	0.9011235955
189	0.3111371783	0.9033707865
190	0.3110275283	0.9033707865
191	0.3102570348	0.9033707865
192	0.3094913168	0.9011235955
193	0.3092474019	0.9011235955
194	0.3089886134	0.9033707865
195	0.3079227582	0.9033707865
196	0.3076102062	0.9033707865
197	0.3072790937	0.9033707865
198	0.3068246752	0.9011235955
199	0.3066769961	0.9011235955
200	0.306148487	0.9011235955
201	0.3058327619	0.9011235955
202	0.3056934186	0.9011235955
203	0.3054989837	0.9011235955
204	0.3047219807	0.9011235955
205	0.3041511855	0.9033707865
206	0.3029740342	0.9056179775
207	0.30278632	0.9033707865
208	0.302596953	0.9078651685
209	0.3025948228	0.9078651685
210	0.3023673513	0.9056179775
211	0.3019335681	0.9033707865
212	0.3017897882	0.9033707865
213	0.3009009103	0.9056179775
214	0.3003629381	0.9056179775
215	0.2996867336	0.9056179775
216	0.2994739855	0.9056179775
217	0.2987562093	0.9078651685
218	0.2987342689	0.9078651685
219	0.2979961325	0.9056179775
220	0.2977684924	0.9056179775
221	0.2974565922	0.9056179775
222	0.29735713	0.9056179775
223	0.2955556642	0.9078651685
224	0.2953892875	0.9056179775
225	0.2952129694	0.9056179775
226	0.2949378643	0.9056179775
227	0.2948266935	0.9056179775
228	0.2944516976	0.9056179775
229	0.2941256366	0.9056179775
230	0.2934077605	0.9078651685
231	0.2932846925	0.9078651685
232	0.2927963456	0.9123595506
233	0.2924564404	0.9123595506
234	0.291770076	0.9123595506
235	0.2916690133	0.9123595506
236	0.2912857238	0.9123595506
237	0.2910505722	0.9123595506
238	0.2905734919	0.9123595506
239	0.2903669044	0.9101123596
240	0.2893854707	0.9123595506
241	0.2891106139	0.9146067416
242	0.2884998897	0.9168539326
243	0.2877072584	0.9146067416
244	0.2874335806	0.9123595506
245	0.2866224291	0.9191011236
246	0.2859807171	0.9168539326
247	0.2855703822	0.9191011236
248	0.28537704	0.9146067416
249	0.2848350925	0.9146067416
250	0.2846327495	0.9146067416
251	0.284394045	0.9168539326
252	0.2841825268	0.9168539326
253	0.2837144653	0.9146067416
254	0.283314676	0.9146067416
255	0.2823722045	0.9146067416
256	0.2823009105	0.9146067416
257	0.2822273375	0.9146067416
258	0.2813422259	0.9146067416
259	0.2811389461	0.9146067416
260	0.2804352492	0.9123595506
261	0.2798754506	0.9146067416
262	0.279769893	0.9123595506
263	0.2792425018	0.9146067416
264	0.278892804	0.9146067416
265	0.2785831243	0.9146067416
266	0.2780703241	0.9168539326
267	0.2775698462	0.9146067416
268	0.277353746	0.9123595506
269	0.2769971631	0.9123595506
270	0.2766851931	0.9123595506
271	0.2762082535	0.9123595506
272	0.2757572329	0.9123595506
273	0.2754777972	0.9123595506
274	0.2749084693	0.9123595506
275	0.2748615068	0.9146067416
276	0.274414128	0.9123595506
277	0.274198289	0.9123595506
278	0.2738332247	0.9123595506
279	0.2737179376	0.9123595506
280	0.2733824962	0.9123595506
281	0.2731832289	0.9123595506
282	0.2729312348	0.9123595506
283	0.272390199	0.9123595506
284	0.2721230983	0.9123595506
285	0.2718786331	0.9123595506
286	0.2711593054	0.9123595506
287	0.2704146241	0.9123595506
288	0.2697929519	0.9168539326
289	0.2692855591	0.9146067416
290	0.2688860906	0.9146067416
291	0.2685537805	0.9123595506
292	0.2685146101	0.9123595506
293	0.2682888578	0.9123595506
294	0.2680720448	0.9146067416
295	0.267563628	0.9146067416
296	0.2674915204	0.9146067416
297	0.2672913219	0.9146067416
298	0.266936946	0.9146067416
299	0.2667464947	0.9146067416
300	0.2663259838	0.9146067416
301	0.2655366837	0.9146067416
302	0.2654037615	0.9146067416
303	0.2650941215	0.9146067416
304	0.2645981727	0.9146067416
305	0.2645255653	0.9146067416
306	0.2635460965	0.9168539326
307	0.2634165708	0.9168539326
308	0.2632366945	0.9168539326
309	0.26306209	0.9168539326
310	0.2624680431	0.9191011236
311	0.2621695657	0.9191011236
312	0.2615990452	0.9191011236
313	0.260957496	0.9168539326
314	0.2608639354	0.9168539326
315	0.2603411121	0.9191011236
316	0.2600237172	0.9191011236
317	0.2595902663	0.9191011236
318	0.2590472848	0.9191011236
319	0.2588922889	0.9191011236
320	0.2586412738	0.9191011236
321	0.2585422103	0.9191011236
322	0.2582799209	0.9191011236
323	0.2578060831	0.9191011236
324	0.2572864226	0.9191011236
325	0.2569119617	0.9191011236
326	0.2566374369	0.9191011236
327	0.2563581751	0.9191011236
328	0.256147554	0.9168539326
329	0.2559086968	0.9168539326
330	0.2558293329	0.9168539326
331	0.2546839133	0.9168539326
332	0.2545450064	0.9168539326
333	0.2536557452	0.9168539326
334	0.253382051	0.9168539326
335	0.2531175946	0.9168539326
336	0.2529428325	0.9168539326
337	0.2526691112	0.9191011236
338	0.2516329881	0.9213483146
339	0.2507738291	0.9213483146
340	0.2499251029	0.9191011236
341	0.2495332363	0.9235955056
342	0.2492905596	0.9235955056
343	0.2487687209	0.9235955056
344	0.2485769081	0.9191011236
345	0.2481613208	0.9213483146
346	0.2477171392	0.9213483146
347	0.2471936965	0.9235955056
348	0.2464797009	0.9235955056
349	0.245848635	0.9235955056
350	0.2457819001	0.9235955056
351	0.2454546046	0.9235955056
352	0.2452551025	0.9235955056
353	0.2449554957	0.9235955056
354	0.2444685004	0.9258426966
355	0.2442793966	0.9258426966
356	0.2439782384	0.9258426966
357	0.2434195039	0.9280898876
358	0.2430148657	0.9303370787
359	0.2424711707	0.9303370787
360	0.2419224972	0.9303370787
361	0.2416725659	0.9303370787
362	0.2413496314	0.9303370787
363	0.2409953727	0.9303370787
364	0.2405933846	0.9303370787
365	0.240255977	0.9303370787
366	0.2398672253	0.9303370787
367	0.2394682039	0.9303370787
368	0.2391057096	0.9303370787
369	0.2386931011	0.9303370787
370	0.2385573525	0.9303370787
371	0.2384408061	0.9303370787
372	0.2380661121	0.9303370787
373	0.2378565086	0.9303370787
374	0.2372853177	0.9303370787
375	0.2370203328	0.9303370787
376	0.2369565406	0.9303370787
377	0.2361190658	0.9303370787
378	0.2359087015	0.9303370787
379	0.2348828952	0.9303370787
380	0.2339092368	0.9325842697
381	0.2334326757	0.9303370787
382	0.233127208	0.9325842697
383	0.2326440803	0.9325842697
384	0.2323371234	0.9325842697
385	0.2318746892	0.9325842697
386	0.2315073173	0.9325842697
387	0.2311868635	0.9325842697
388	0.2304047533	0.9325842697
389	0.22947879	0.9325842697
390	0.2285855796	0.9325842697
391	0.2282839852	0.9325842697
392	0.2281268817	0.9325842697
393	0.2279109893	0.9325842697
394	0.2272947842	0.9325842697
395	0.2270844289	0.9325842697
396	0.2268831953	0.9325842697
397	0.2268014077	0.9325842697
398	0.2264637012	0.9325842697
399	0.2255936499	0.9325842697
400	0.2248824638	0.9325842697
401	0.2246915867	0.9325842697
402	0.2245669368	0.9325842697
403	0.2241645105	0.9325842697
404	0.2234862961	0.9325842697
405	0.2233108441	0.9325842697
406	0.2230227782	0.9325842697
407	0.222522573	0.9325842697
408	0.2220684004	0.9325842697
409	0.2217214439	0.9325842697
410	0.2215891847	0.9325842697
411	0.2214333959	0.9325842697
412	0.2212557802	0.9325842697
413	0.221024389	0.9325842697
414	0.2208599579	0.9325842697
415	0.2204359358	0.9325842697
416	0.2196397915	0.9325842697
417	0.2194092158	0.9325842697
418	0.2191449569	0.9325842697
419	0.2188472791	0.9325842697
420	0.2179293413	0.9325842697
421	0.2176073519	0.9325842697
422	0.2171606426	0.9325842697
423	0.2171325044	0.9325842697
424	0.2166640683	0.9348314607
425	0.2164937245	0.9348314607
426	0.2164004239	0.9348314607
427	0.2161448298	0.9348314607
428	0.2157752421	0.9348314607
429	0.2153334357	0.9348314607
430	0.2149219448	0.9348314607
431	0.2147419441	0.9348314607
432	0.2139751856	0.9348314607
433	0.2136815385	0.9348314607
434	0.2136083356	0.9348314607
435	0.212762977	0.9348314607
436	0.2126611293	0.9325842697
437	0.2124516417	0.9325842697
438	0.2124237454	0.9325842697
439	0.2122284447	0.9325842697
440	0.2121151221	0.9325842697
441	0.211873716	0.9325842697
442	0.2115216804	0.9325842697
443	0.2113089301	0.9325842697
444	0.2111714529	0.9325842697
445	0.2111118898	0.9325842697
446	0.2110553846	0.9325842697
447	0.2104094788	0.9325842697
448	0.2102495889	0.9325842697
449	0.2099527622	0.9325842697
450	0.2096435418	0.9348314607
451	0.2093653968	0.9370786517
452	0.2092703405	0.9370786517
453	0.2089018925	0.9370786517
454	0.2087744197	0.9393258427
455	0.2082910426	0.9393258427
456	0.208115144	0.9393258427
457	0.2079477079	0.9393258427
458	0.2075459217	0.9393258427
459	0.2068128233	0.9393258427
460	0.2065460324	0.9393258427
461	0.2062928155	0.9393258427
462	0.2060379486	0.9393258427
463	0.2057759425	0.9393258427
464	0.2056257233	0.9393258427
465	0.2050269289	0.9393258427
466	0.2049885593	0.9393258427
467	0.2047873265	0.9393258427
468	0.2036763607	0.9415730337
469	0.2035530488	0.9393258427
470	0.2034318763	0.9415730337
471	0.2032287971	0.9393258427
472	0.2031308322	0.9415730337
473	0.2029262823	0.9415730337
474	0.2026232296	0.9415730337
475	0.2023392435	0.9415730337
476	0.2020909757	0.9415730337
477	0.2010627316	0.9415730337
478	0.2006507571	0.9415730337
479	0.2001338034	0.9415730337
480	0.1998973694	0.9393258427
481	0.1995420346	0.9393258427
482	0.1988780416	0.9415730337
483	0.1987119634	0.9415730337
484	0.1985942085	0.9438202247
485	0.1984561906	0.9438202247
486	0.1981255541	0.9460674157
487	0.1980429791	0.9460674157
488	0.1978407707	0.9460674157
489	0.1974919117	0.9438202247
490	0.1973441177	0.9438202247
491	0.1970420291	0.9438202247
492	0.1966388608	0.9460674157
493	0.19639705	0.9460674157
494	0.1963467922	0.9460674157
495	0.1960052896	0.9460674157
496	0.1958716271	0.9483146067
497	0.1957518151	0.9483146067
498	0.1952401194	0.9483146067
499	0.1949733619	0.9460674157
500	0.194489385	0.9460674157
501	0.1939030949	0.9460674157
502	0.1931906102	0.9460674157
503	0.1931047237	0.9460674157
504	0.1923611297	0.9460674157
505	0.1921939752	0.9460674157
506	0.1921331063	0.9460674157
507	0.1920261438	0.9460674157
508	0.1918416994	0.9460674157
509	0.1915735146	0.9483146067
510	0.1914423625	0.9483146067
511	0.1912012837	0.9505617978
512	0.1910154797	0.9505617978
513	0.1907906697	0.9528089888
514	0.1906186204	0.9528089888
515	0.1901740303	0.9505617978
516	0.1899867273	0.9505617978
517	0.1897326917	0.9505617978
518	0.1890429529	0.9528089888
519	0.1883245036	0.9528089888
520	0.1880391099	0.9528089888
521	0.1879864809	0.9528089888
522	0.1879279615	0.9528089888
523	0.187511855	0.9528089888
524	0.1872358303	0.9528089888
525	0.1867898271	0.9528089888
526	0.1863895126	0.9528089888
527	0.1862079839	0.9528089888
528	0.1857990759	0.9528089888
529	0.1854212424	0.9528089888
530	0.1847368599	0.9550561798
531	0.1838711496	0.9550561798
532	0.1832380687	0.9550561798
533	0.1828651027	0.9550561798
534	0.1825245514	0.9550561798
535	0.1823971119	0.9550561798
536	0.1819945059	0.9550561798
537	0.1817981532	0.9550561798
538	0.1812491775	0.9550561798
539	0.1808752417	0.9550561798
540	0.1801169091	0.9550561798
541	0.1800441426	0.9550561798
542	0.1798144383	0.9573033708
543	0.1793008935	0.9550561798
544	0.1787678257	0.9573033708
545	0.1786077134	0.9573033708
546	0.1784849366	0.9573033708
547	0.1782396856	0.9595505618
548	0.1780089416	0.9595505618
549	0.1778526098	0.9595505618
550	0.1775964293	0.9617977528
551	0.1775725295	0.9617977528
552	0.177396267	0.9617977528
553	0.1771587223	0.9595505618
554	0.1770862657	0.9595505618
555	0.1769929228	0.9617977528
556	0.1769590895	0.9617977528
557	0.1767513438	0.9617977528
558	0.1763954444	0.9617977528
559	0.1762243155	0.9640449438
560	0.1759454479	0.9640449438
561	0.1757350972	0.9617977528
562	0.1754823116	0.9640449438
563	0.1752999311	0.9640449438
564	0.1750343945	0.9640449438
565	0.175012747	0.9640449438
566	0.1748754481	0.9617977528
567	0.1746444147	0.9617977528
568	0.1745286119	0.9617977528
569	0.1740357879	0.9617977528
570	0.1735409997	0.9617977528
571	0.173158231	0.9617977528
572	0.1729284846	0.9617977528
573	0.1728852679	0.9617977528
574	0.1725005525	0.9617977528
575	0.1719031093	0.9617977528
576	0.1714726206	0.9617977528
577	0.1708814324	0.9640449438
578	0.1706278221	0.9640449438
579	0.170523049	0.9662921348
580	0.1701878089	0.9662921348
581	0.1700850924	0.9662921348
582	0.1700130409	0.9662921348
583	0.1698540896	0.9662921348
584	0.1696859242	0.9662921348
585	0.1696462934	0.9640449438
586	0.1691574094	0.9640449438
587	0.1686975785	0.9640449438
588	0.1686644623	0.9640449438
589	0.1683992291	0.9640449438
590	0.1681312506	0.9640449438
591	0.167677455	0.9640449438
592	0.1674108602	0.9640449438
593	0.1671809488	0.9640449438
594	0.1664333519	0.9662921348
595	0.1659204326	0.9640449438
596	0.1656865372	0.9640449438
597	0.1656401182	0.9640449438
598	0.1653742927	0.9640449438
599	0.1651931497	0.9640449438
600	0.1651204224	0.9640449438
601	0.1649229971	0.9640449438
602	0.1648758796	0.9640449438
603	0.1646747948	0.9640449438
604	0.1642525198	0.9640449438
605	0.1642118574	0.9640449438
606	0.1638926101	0.9640449438
607	0.1637502835	0.9640449438
608	0.1635137265	0.9640449438
609	0.1631564554	0.9662921348
610	0.1627333049	0.9662921348
611	0.162295224	0.9662921348
612	0.1620897609	0.9662921348
613	0.1620260409	0.9662921348
614	0.1619215655	0.9662921348
615	0.161366116	0.9662921348
616	0.161132557	0.9662921348
617	0.1610747887	0.9662921348
618	0.1608526497	0.9662921348
619	0.1607268447	0.9662921348
620	0.1606507161	0.9662921348
621	0.1599687014	0.9662921348
622	0.1598083953	0.9662921348
623	0.1597687151	0.9662921348
624	0.1594395384	0.9662921348
625	0.1593229182	0.9662921348
626	0.1592022809	0.9662921348
627	0.159194163	0.9662921348
628	0.1590552038	0.9662921348
629	0.1587222963	0.9662921348
630	0.1586106025	0.9662921348
631	0.158447588	0.9662921348
632	0.1578975315	0.9662921348
633	0.1577698019	0.9662921348
634	0.1574745296	0.9662921348
635	0.1574348633	0.9662921348
636	0.1570462551	0.9662921348
637	0.1568974431	0.9662921348
638	0.1567561607	0.9662921348
639	0.1563155038	0.9662921348
640	0.1562146917	0.9662921348
641	0.1557013725	0.9662921348
642	0.1556403026	0.9662921348
643	0.1554106123	0.9662921348
644	0.1551572148	0.9662921348
645	0.1548551961	0.9662921348
646	0.1545890606	0.9685393258
647	0.1544234159	0.9685393258
648	0.1541402467	0.9685393258
649	0.1539983591	0.9685393258
650	0.1538441852	0.9685393258
651	0.1536841157	0.9685393258
652	0.1534083194	0.9685393258
653	0.1531829966	0.9685393258
654	0.1528844181	0.9685393258
655	0.1524581217	0.9685393258
656	0.1523597398	0.9685393258
657	0.1519966664	0.9707865169
658	0.1518914429	0.9707865169
659	0.1518029873	0.9707865169
660	0.1515980712	0.9707865169
661	0.1514937395	0.9707865169
662	0.15139579	0.9707865169
663	0.1513590823	0.9707865169
664	0.1513046002	0.9707865169
665	0.1512021841	0.9707865169
666	0.1509261785	0.9707865169
667	0.1507162838	0.9707865169
668	0.1505925603	0.9707865169
669	0.1503132914	0.9707865169
670	0.1500457672	0.9707865169
671	0.1496156979	0.9707865169
672	0.1493070756	0.9707865169
673	0.1491748878	0.9707865169
674	0.1488257074	0.9707865169
675	0.1487900155	0.9707865169
676	0.1486827991	0.9707865169
677	0.1484673641	0.9730337079
678	0.1484336064	0.9730337079
679	0.1480576371	0.9730337079
680	0.1479309706	0.9730337079
681	0.1475854134	0.9730337079
682	0.1475522265	0.9730337079
683	0.1475209517	0.9730337079
684	0.1472219259	0.9730337079
685	0.1467746353	0.9730337079
686	0.1466131869	0.9730337079
687	0.1465966562	0.9730337079
688	0.1463911521	0.9730337079
689	0.1459506129	0.9730337079
690	0.1457185764	0.9730337079
691	0.145521832	0.9730337079
692	0.1454171496	0.9730337079
693	0.1452812086	0.9730337079
694	0.1447820556	0.9730337079
695	0.1447475178	0.9730337079
696	0.1444234109	0.9730337079
697	0.1442375425	0.9730337079
698	0.14390341	0.9730337079
699	0.1435988887	0.9730337079
700	0.1434649918	0.9730337079
701	0.1433632579	0.9730337079
702	0.1430405423	0.9752808989
703	0.1428656987	0.9752808989
704	0.1425864267	0.9752808989
705	0.1423552547	0.9752808989
706	0.142227429	0.9752808989
707	0.1418682053	0.9752808989
708	0.1416075769	0.9752808989
709	0.1411824581	0.9752808989
710	0.1409151561	0.9730337079
711	0.1407693556	0.9752808989
712	0.1403765719	0.9752808989
713	0.1402778935	0.9752808989
714	0.1396540928	0.9752808989
715	0.1392488353	0.9752808989
716	0.1392021895	0.9752808989
717	0.1390652693	0.9752808989
718	0.1386296987	0.9752808989
719	0.1386087655	0.9752808989
720	0.1384093827	0.9752808989
721	0.1381795694	0.9752808989
722	0.1379963283	0.9752808989
723	0.1379843183	0.9752808989
724	0.1379613407	0.9752808989
725	0.1378679839	0.9752808989
726	0.1377592999	0.9752808989
727	0.1375198985	0.9752808989
728	0.1374134252	0.9752808989
729	0.1373278967	0.9752808989
730	0.1372127115	0.9752808989
731	0.1371822948	0.9752808989
732	0.137076806	0.9752808989
733	0.1367093724	0.9752808989
734	0.1364785286	0.9752808989
735	0.1363295841	0.9752808989
736	0.1357864553	0.9752808989
737	0.1354978086	0.9752808989
738	0.1354363913	0.9752808989
739	0.1351716787	0.9752808989
740	0.1349003179	0.9752808989
741	0.1345395739	0.9752808989
742	0.1344420536	0.9752808989
743	0.134328616	0.9752808989
744	0.1341720711	0.9752808989
745	0.1339007106	0.9752808989
746	0.1338222129	0.9752808989
747	0.1336471476	0.9752808989
748	0.1334287688	0.9752808989
749	0.1332860736	0.9752808989
750	0.1331792042	0.9752808989
751	0.1330093317	0.9752808989
752	0.1329427571	0.9752808989
753	0.1326090427	0.9752808989
754	0.1323513891	0.9752808989
755	0.1321418519	0.9752808989
756	0.1320572157	0.9752808989
757	0.1319732655	0.9752808989
758	0.1318529138	0.9775280899
759	0.1318020928	0.9775280899
760	0.1317974136	0.9775280899
761	0.1314029326	0.9775280899
762	0.1313617816	0.9775280899
763	0.1312389526	0.9775280899
764	0.1308218023	0.9775280899
765	0.1307467595	0.9775280899
766	0.1305549358	0.9775280899
767	0.130296113	0.9775280899
768	0.1302800857	0.9775280899
769	0.1301462165	0.9752808989
770	0.1297733167	0.9752808989
771	0.1296967233	0.9752808989
772	0.1295360769	0.9752808989
773	0.1295046406	0.9752808989
774	0.1294513855	0.9775280899
775	0.1294096113	0.9775280899
776	0.12937007	0.9752808989
777	0.1293547997	0.9752808989
778	0.1290450487	0.9752808989
779	0.128907293	0.9752808989
780	0.1288187178	0.9752808989
781	0.1287794415	0.9752808989
782	0.1287325237	0.9752808989
783	0.1286547073	0.9752808989
784	0.128519379	0.9775280899
785	0.1282225247	0.9775280899
786	0.1279798572	0.9775280899
787	0.1279618094	0.9775280899
788	0.1278197958	0.9775280899
789	0.1276690196	0.9775280899
790	0.1274192959	0.9775280899
791	0.1273133897	0.9775280899
792	0.1272182697	0.9775280899
793	0.1269849458	0.9775280899
794	0.1267123709	0.9775280899
795	0.126512707	0.9775280899
796	0.1263401657	0.9775280899
797	0.1260333727	0.9775280899
798	0.125989667	0.9775280899
799	0.1259807376	0.9775280899
800	0.1256697765	0.9775280899
801	0.1253905239	0.9775280899
802	0.1252235633	0.9775280899
803	0.1250465233	0.9775280899
804	0.1249587769	0.9775280899
805	0.1248248075	0.9775280899
806	0.1246886698	0.9775280899
807	0.1246624107	0.9775280899
808	0.1245866892	0.9775280899
809	0.1244859145	0.9775280899
810	0.1242973053	0.9775280899
811	0.1241455915	0.9775280899
812	0.1241312696	0.9775280899
813	0.1241060578	0.9775280899
814	0.1239594852	0.9775280899
815	0.1237325197	0.9775280899
816	0.1234244103	0.9775280899
817	0.1232667099	0.9775280899
818	0.1232504704	0.9775280899
819	0.1231479677	0.9775280899
820	0.122905153	0.9775280899
821	0.1228102481	0.9775280899
822	0.1226966149	0.9775280899
823	0.1222719848	0.9775280899
824	0.1222283917	0.9775280899
825	0.1220911845	0.9775280899
826	0.1220372393	0.9775280899
827	0.1220293625	0.9775280899
828	0.1219556375	0.9775280899
829	0.1218718155	0.9775280899
830	0.1216459596	0.9775280899
831	0.1215175953	0.9775280899
832	0.1213640201	0.9775280899
833	0.12132329	0.9775280899
834	0.1212980661	0.9775280899
835	0.1212100565	0.9775280899
836	0.1209624931	0.9775280899
837	0.1207773086	0.9775280899
838	0.1207310427	0.9775280899
839	0.1206926791	0.9775280899
840	0.1206749658	0.9775280899
841	0.1205655031	0.9775280899
842	0.1205616791	0.9775280899
843	0.1205135155	0.9775280899
844	0.1203656676	0.9775280899
845	0.11982613	0.9775280899
846	0.1196823232	0.9775280899
847	0.1194840335	0.9775280899
848	0.1190686341	0.9775280899
849	0.1189967776	0.9775280899
850	0.1189660842	0.9775280899
851	0.1184859411	0.9775280899
852	0.1184027876	0.9775280899
853	0.1182264267	0.9775280899
854	0.1182118755	0.9775280899
855	0.1180397978	0.9775280899
856	0.1179466909	0.9775280899
857	0.117645257	0.9775280899
858	0.1175882174	0.9775280899
859	0.1174545177	0.9775280899
860	0.1172580596	0.9775280899
861	0.1172154984	0.9775280899
862	0.116964796	0.9775280899
863	0.116876305	0.9775280899
864	0.1167763317	0.9775280899
865	0.1165188115	0.9775280899
866	0.1163643941	0.9775280899
867	0.1160495461	0.9775280899
868	0.1158913509	0.9775280899
869	0.1156955998	0.9775280899
870	0.1154235394	0.9775280899
871	0.115148922	0.9775280899
872	0.1151255956	0.9775280899
873	0.1150635864	0.9775280899
874	0.1149822963	0.9775280899
875	0.1147602394	0.9775280899
876	0.1143399288	0.9775280899
877	0.1142507988	0.9775280899
878	0.1139103693	0.9775280899
879	0.1135751757	0.9775280899
880	0.1134181137	0.9775280899
881	0.1133195614	0.9797752809
882	0.1131619494	0.9797752809
883	0.1131323442	0.9797752809
884	0.1131043476	0.9797752809
885	0.1130275553	0.9797752809
886	0.1127730622	0.9797752809
887	0.1126694529	0.9797752809
888	0.1125542482	0.9797752809
889	0.1123777063	0.9797752809
890	0.1121149779	0.9797752809
891	0.1120427205	0.9797752809
892	0.1119095704	0.9797752809
893	0.1118673684	0.9797752809
894	0.1117591415	0.9797752809
895	0.1116854093	0.9797752809
896	0.1113889836	0.9820224719
897	0.1112851471	0.9820224719
898	0.111113602	0.9820224719
899	0.1109670032	0.9820224719
900	0.1108214474	0.9820224719
901	0.1107570125	0.9820224719
902	0.1105469624	0.9820224719
903	0.1104194568	0.9820224719
904	0.1102932458	0.9820224719
905	0.1101022766	0.9820224719
906	0.1099110622	0.9820224719
907	0.1098178983	0.9820224719
908	0.1097880457	0.9820224719
909	0.1096324448	0.9820224719
910	0.1095415372	0.9820224719
911	0.1094202471	0.9820224719
912	0.109347828	0.9820224719
913	0.1092798932	0.9820224719
914	0.1090637694	0.9820224719
915	0.1090495564	0.9842696629
916	0.1090251944	0.9842696629
917	0.1089021625	0.9820224719
918	0.1087973572	0.9820224719
919	0.1086314815	0.9820224719
920	0.108547497	0.9820224719
921	0.1084959513	0.9820224719
922	0.1082831165	0.9820224719
923	0.1082729744	0.9842696629
924	0.108108289	0.9842696629
925	0.1080920429	0.9842696629
926	0.1080083992	0.9820224719
927	0.1079423915	0.9820224719
928	0.1078418695	0.9820224719
929	0.1077515683	0.9842696629
930	0.1077235536	0.9842696629
931	0.1077020166	0.9842696629
932	0.1075271463	0.9842696629
933	0.1071613925	0.9842696629
934	0.1070205894	0.9842696629
935	0.1070147284	0.9842696629
936	0.1069357958	0.9842696629
937	0.1069128878	0.9842696629
938	0.1066744989	0.9842696629
939	0.1066056785	0.9842696629
940	0.1063749864	0.9842696629
941	0.1061711524	0.9842696629
942	0.1061655981	0.9842696629
943	0.1059440772	0.9842696629
944	0.105913988	0.9842696629
945	0.1058135545	0.9842696629
946	0.105801547	0.9842696629
947	0.1057195599	0.9842696629
948	0.1055555437	0.9842696629
949	0.1054449391	0.9842696629
950	0.1052181975	0.9842696629
951	0.1052047024	0.9842696629
952	0.1049760024	0.9842696629
953	0.1048960878	0.9842696629
954	0.1047775011	0.9842696629
955	0.1046696743	0.9842696629
956	0.104548458	0.9842696629
957	0.1044070687	0.9842696629
958	0.1043264789	0.9842696629
959	0.1043071657	0.9842696629
960	0.1041062226	0.9842696629
961	0.1039603131	0.9865168539
962	0.1039550374	0.9865168539
963	0.1039069082	0.9865168539
964	0.1039018252	0.9865168539
965	0.1038089237	0.9865168539
966	0.1037698568	0.9865168539
967	0.1037648377	0.9865168539
968	0.1037058455	0.9865168539
969	0.1035891471	0.9865168539
970	0.1033461045	0.9865168539
971	0.1032428964	0.9865168539
972	0.103227521	0.9865168539
973	0.1029935852	0.9865168539
974	0.1029337377	0.9865168539
975	0.1028402896	0.9865168539
976	0.1026589586	0.9865168539
977	0.1025364781	0.9865168539
978	0.102477481	0.9865168539
979	0.1023729102	0.9865168539
980	0.1023620981	0.9865168539
981	0.1023401043	0.9865168539
982	0.1022470183	0.9865168539
983	0.1020438802	0.9865168539
984	0.101951727	0.9865168539
985	0.1018116607	0.9865168539
986	0.1016081412	0.9865168539
987	0.1015353806	0.9865168539
988	0.1013980374	0.9865168539
989	0.1012675118	0.9865168539
990	0.1011917554	0.9865168539
991	0.101187618	0.9865168539
992	0.1011759431	0.9865168539
993	0.1010760731	0.9865168539
994	0.100987655	0.9865168539
995	0.1008474533	0.9865168539
996	0.1007470737	0.9865168539
997	0.1006262897	0.9865168539
998	0.1005553893	0.9865168539
999	0.100422632	0.9865168539
